codigo_region;region;codigo_comuna;comuna;n_habitantes;km_2;densidad;tipo_com;clasificacion
1;Tarapacá;1101;IQUIQUE;191468;2287;8,37201574114561e+01;1;Urbana
1;Tarapacá;1107;ALTO HOSPICIO;108375;575;1,88478260869565e+02;1;Urbana
1;Tarapacá;1401;POZO ALMONTE;15711;13769;1,14104146996877e+00;3;Rural
1;Tarapacá;1402;CAMIÑA;1250;2200;5,68181818181818e-01;3;Rural
1;Tarapacá;1403;COLCHANE;1728;4006;4,31352970544184e-01;3;Rural
1;Tarapacá;1404;HUARA;2730;10471;2,60720084041639e-01;3;Rural
1;Tarapacá;1405;PICA;9296;8984;1,03472840605521e+00;3;Rural
2;Antofagasta;2101;ANTOFAGASTA;361873;30691;1,17908507380014e+01;1;Urbana
2;Antofagasta;2102;MEJILLONES;13467;3569;3,77332586158588e+00;3;Rural
2;Antofagasta;2103;SIERRA GORDA;10186;12881;7,90777113578138e-01;3;Rural
2;Antofagasta;2104;TALTAL;13317;20403;6,52698132627555e-01;3;Rural
2;Antofagasta;2201;CALAMA;165731;15587;1,06326425867710e+01;1;Urbana
2;Antofagasta;2202;OLLAGÜE;321;2921;1,09893871961657e-01;3;Rural
2;Antofagasta;2203;SAN PEDRO DE ATACAMA;10996;23539;4,67139640596457e-01;3;Rural
2;Antofagasta;2301;TOCOPILLA;25186;4031;6,24807740014885e+00;3;Rural
2;Antofagasta;2302;MARÍA ELENA;6457;12431;5,19427238355724e-01;3;Rural
3;Atacama;3101;COPIAPÓ;153937;17779;8,65836098768210e+00;1;Urbana
3;Atacama;3102;CALDERA;17662;3681;4,79815267590329e+00;3;Rural
3;Atacama;3103;TIERRA AMARILLA;14019;11253;1,24580111970141e+00;3;Rural
3;Atacama;3201;CHAÑARAL;12219;5772;2,11694386694387e+00;3;Rural
3;Atacama;3202;DIEGO DE ALMAGRO;13925;18977;7,33783000474258e-01;3;Rural
3;Atacama;3301;VALLENAR;51917;7226;7,18474951563797e+00;2;Mixta
3;Atacama;3302;ALTO DEL CARMEN;5299;6156;8,60786224821313e-01;3;Rural
3;Atacama;3303;FREIRINA;7041;3224;2,18393300248139e+00;3;Rural
3;Atacama;3304;HUASCO;10149;1601;6,33916302311056e+00;3;Rural
4;Coquimbo;4101;LA SERENA;221054;1901;1,16283008942662e+02;1;Urbana
4;Coquimbo;4102;COQUIMBO;227730;1426;1,59698457223001e+02;1;Urbana
4;Coquimbo;4103;ANDACOLLO;11044;514;2,14863813229572e+01;3;Rural
4;Coquimbo;4104;LA HIGUERA;4241;4161;1,01922614756068e+00;3;Rural
4;Coquimbo;4105;PAIGUANO;4497;1515;2,96831683168317e+00;3;Rural
4;Coquimbo;4106;VICUÑA;27771;7580;3,66372031662269e+00;3;Rural
4;Coquimbo;4201;ILLAPEL;30848;2627;1,17426722497145e+01;3;Rural
4;Coquimbo;4202;CANELA;9093;2198;4,13694267515924e+00;3;Rural
4;Coquimbo;4203;LOS VILOS;21382;1859;1,15018827326520e+01;3;Rural
4;Coquimbo;4204;SALAMANCA;29347;3445;8,51872278664731e+00;3;Rural
4;Coquimbo;4301;OVALLE;111272;3550;3,13442253521127e+01;1;Urbana
4;Coquimbo;4302;COMBARBALÁ;13322;2295;5,80479302832244e+00;3;Rural
4;Coquimbo;4303;MONTE PATRIA;30751;4211;7,30254096414153e+00;3;Rural
4;Coquimbo;4304;PUNITAQUI;10956;1093;1,00237877401647e+01;3;Rural
4;Coquimbo;4305;RÍO HURTADO;4278;2203;1,94189741261916e+00;3;Rural
5;Valparaíso;5101;VALPARAÍSO;296655;317;9,35820189274448e+02;1;Urbana
5;Valparaíso;5102;CASABLANCA;26867;953;2,81920251836306e+01;2;Mixta
5;Valparaíso;5103;CONCÓN;42152;77;5,47428571428571e+02;2;Mixta
5;Valparaíso;5104;JUAN FERNÁNDEZ;926;104;8,90384615384615e+00;3;Rural
5;Valparaíso;5105;PUCHUNCAVÍ;18546;300;6,18200000000000e+01;2;Mixta
5;Valparaíso;5107;QUINTERO;31923;147;2,17163265306122e+02;2;Mixta
5;Valparaíso;5109;VIÑA DEL MAR;334248;123;2,71746341463415e+03;1;Urbana
5;Valparaíso;5201;ISLA DE PASCUA;7750;164;4,72560975609756e+01;3;Rural
5;Valparaíso;5301;LOS ANDES;66708;1233;5,41021897810219e+01;1;Urbana
5;Valparaíso;5302;CALLE LARGA;14832;322;4,60621118012422e+01;2;Mixta
5;Valparaíso;5303;RINCONADA;10207;123;8,29837398373984e+01;3;Rural
5;Valparaíso;5304;SAN ESTEBAN;18855;1375;1,37127272727273e+01;2;Mixta
5;Valparaíso;5401;LA LIGUA;35390;1165;3,03776824034335e+01;2;Mixta
5;Valparaíso;5402;CABILDO;19388;1456;1,33159340659341e+01;2;Mixta
5;Valparaíso;5403;PAPUDO;6356;166;3,82891566265060e+01;3;Rural
5;Valparaíso;5404;PETORCA;9826;1516;6,48153034300792e+00;3;Rural
5;Valparaíso;5405;ZAPALLAR;7339;289;2,53944636678201e+01;3;Rural
5;Valparaíso;5501;QUILLOTA;90517;302;2,99725165562914e+02;1;Urbana
5;Valparaíso;5502;CALERA;50554;59;8,56847457627119e+02;1;Urbana
5;Valparaíso;5503;HIJUELAS;17988;268;6,71194029850746e+01;2;Mixta
5;Valparaíso;5504;LA CRUZ;22098;78;2,83307692307692e+02;2;Mixta
5;Valparaíso;5506;NOGALES;22120;405;5,46172839506173e+01;3;Rural
5;Valparaíso;5601;SAN ANTONIO;91350;398;2,29522613065327e+02;1;Urbana
5;Valparaíso;5602;ALGARROBO;13817;175;7,89542857142857e+01;2;Mixta
5;Valparaíso;5603;CARTAGENA;22738;245;9,28081632653061e+01;2;Mixta
5;Valparaíso;5604;EL QUISCO;15955;51;3,12843137254902e+02;2;Mixta
5;Valparaíso;5605;EL TABO;13286;99;1,34202020202020e+02;2;Mixta
5;Valparaíso;5606;SANTO DOMINGO;10900;531;2,05273069679849e+01;3;Rural
5;Valparaíso;5701;SAN FELIPE;76844;187;4,10930481283422e+02;1;Urbana
5;Valparaíso;5702;CATEMU;13998;361;3,87756232686981e+01;3;Rural
5;Valparaíso;5703;LLAILLAY;24608;350;7,03085714285714e+01;2;Mixta
5;Valparaíso;5704;PANQUEHUE;7273;120;6,06083333333333e+01;3;Rural
5;Valparaíso;5705;PUTAENDO;16754;1449;1,15624568668047e+01;2;Mixta
5;Valparaíso;5706;SANTA MARÍA;15241;166;9,18132530120482e+01;2;Mixta
5;Valparaíso;5801;QUILPUÉ;151708;537;2,82510242085661e+02;1;Urbana
5;Valparaíso;5802;LIMACHE;46121;295;1,56342372881356e+02;2;Mixta
5;Valparaíso;5803;OLMUÉ;17516;232;7,55000000000000e+01;3;Rural
5;Valparaíso;5804;VILLA ALEMANA;126548;96;1,31820833333333e+03;1;Urbana
6;O'Higgins;6101;RANCAGUA;241774;264;9,15810606060606e+02;1;Urbana
6;O'Higgins;6102;CODEGUA;12988;285;4,55719298245614e+01;2;Mixta
6;O'Higgins;6103;COINCO;7359;97;7,58659793814433e+01;3;Rural
6;O'Higgins;6104;COLTAUCO;19597;223;8,78789237668161e+01;2;Mixta
6;O'Higgins;6105;DOÑIHUE;20887;80;2,61087500000000e+02;2;Mixta
6;O'Higgins;6106;GRANEROS;33437;112;2,98544642857143e+02;2;Mixta
6;O'Higgins;6107;LAS CABRAS;24640;751;3,28095872170439e+01;3;Rural
6;O'Higgins;6108;MACHALÍ;52505;2593;2,02487466255303e+01;1;Urbana
6;O'Higgins;6109;MALLOA;13407;220;6,09409090909091e+01;3;Rural
6;O'Higgins;6110;MOSTAZAL;25343;524;4,83645038167939e+01;2;Mixta
6;O'Higgins;6111;OLIVAR;13608;47;2,89531914893617e+02;2;Mixta
6;O'Higgins;6112;PEUMO;14313;155;9,23419354838710e+01;2;Mixta
6;O'Higgins;6113;PICHIDEGUA;19714;319;6,17993730407524e+01;3;Rural
6;O'Higgins;6114;QUINTA DE TILCOCO;13002;86;1,51186046511628e+02;2;Mixta
6;O'Higgins;6115;RENGO;58825;584;1,00727739726027e+02;1;Urbana
6;O'Higgins;6116;REQUÍNOA;27968;673;4,15572065378900e+01;2;Mixta
6;O'Higgins;6117;SAN VICENTE;46766;483;9,68240165631470e+01;2;Mixta
6;O'Higgins;6201;PICHILEMU;16394;715;2,29286713286713e+01;3;Rural
6;O'Higgins;6202;LA ESTRELLA;3041;433;7,02309468822171e+00;3;Rural
6;O'Higgins;6203;LITUECHE;6294;619;1,01680129240711e+01;3;Rural
6;O'Higgins;6204;MARCHIHUE;7308;657;1,11232876712329e+01;3;Rural
6;O'Higgins;6205;NAVIDAD;6641;298;2,22852348993289e+01;3;Rural
6;O'Higgins;6206;PAREDONES;6188;575;1,07617391304348e+01;3;Rural
6;O'Higgins;6301;SAN FERNANDO;73973;2322;3,18574504737295e+01;1;Urbana
6;O'Higgins;6302;CHÉPICA;15037;478;3,14581589958159e+01;2;Mixta
6;O'Higgins;6303;CHIMBARONGO;35399;508;6,96830708661417e+01;3;Rural
6;O'Higgins;6304;LOLOL;6811;597;1,14087102177554e+01;3;Rural
6;O'Higgins;6305;NANCAGUA;17833;152;1,17322368421053e+02;2;Mixta
6;O'Higgins;6306;PALMILLA;12482;236;5,28898305084746e+01;3;Rural
6;O'Higgins;6307;PERALILLO;11007;282;3,90319148936170e+01;3;Rural
6;O'Higgins;6308;PLACILLA;8738;145;6,02620689655172e+01;3;Rural
6;O'Higgins;6309;PUMANQUE;3421;441;7,75736961451247e+00;3;Rural
6;O'Higgins;6310;SANTA CRUZ;37855;395;9,58354430379747e+01;2;Mixta
7;Maule;7101;TALCA;220357;232;9,49814655172414e+02;1;Urbana
7;Maule;7102;CONSTITUCIÓN;46068;1334;3,45337331334333e+01;2;Mixta
7;Maule;7103;CUREPTO;9448;1068;8,84644194756554e+00;3;Rural
7;Maule;7104;EMPEDRADO;4142;567;7,30511463844797e+00;3;Rural
7;Maule;7105;MAULE;49721;242;2,05458677685950e+02;2;Mixta
7;Maule;7106;PELARCO;8422;331;2,54441087613293e+01;3;Rural
7;Maule;7107;PENCAHUE;8245;956;8,62447698744770e+00;3;Rural
7;Maule;7108;RÍO CLARO;13906;435;3,19678160919540e+01;3;Rural
7;Maule;7109;SAN CLEMENTE;43269;4500;9,61533333333333e+00;3;Rural
7;Maule;7110;SAN RAFAEL;9191;262;3,50801526717557e+01;3;Rural
7;Maule;7201;CAUQUENES;40441;2127;1,90131640808651e+01;3;Rural
7;Maule;7202;CHANCO;8928;528;1,69090909090909e+01;3;Rural
7;Maule;7203;PELLUHUE;7571;370;2,04621621621622e+01;3;Rural
7;Maule;7301;CURICÓ;149136;1333;1,11879969992498e+02;1;Urbana
7;Maule;7302;HUALAÑÉ;9657;632;1,52800632911392e+01;3;Rural
7;Maule;7303;LICANTÉN;6653;272;2,44595588235294e+01;3;Rural
7;Maule;7304;MOLINA;45976;1518;3,02872200263505e+01;2;Mixta
7;Maule;7305;RAUCO;10484;310;3,38193548387097e+01;3;Rural
7;Maule;7306;ROMERAL;15187;1602;9,48002496878901e+00;2;Mixta
7;Maule;7307;SAGRADA FAMILIA;18544;547;3,39012797074954e+01;3;Rural
7;Maule;7308;TENO;28921;619;4,67221324717286e+01;3;Rural
7;Maule;7309;VICHUQUÉN;4322;452;9,56194690265487e+00;3;Rural
7;Maule;7401;LINARES;93602;1468;6,37615803814714e+01;1;Urbana
7;Maule;7402;COLBÚN;20765;2925;7,09914529914530e+00;3;Rural
7;Maule;7403;LONGAVÍ;30534;1456;2,09711538461538e+01;3;Rural
7;Maule;7404;PARRAL;41637;1635;2,54660550458716e+01;2;Mixta
7;Maule;7405;RETIRO;19974;825;2,42109090909091e+01;3;Rural
7;Maule;7406;SAN JAVIER;45547;1311;3,47421815408085e+01;2;Mixta
7;Maule;7407;VILLA ALEGRE;16221;191;8,49267015706806e+01;2;Mixta
7;Maule;7408;YERBAS BUENAS;18081;258;7,00813953488372e+01;3;Rural
8;Biobío;8101;CONCEPCIÓN;223574;214;1,04473831775701e+03;1;Urbana
8;Biobío;8102;CORONEL;116262;274;4,24313868613139e+02;1;Urbana
8;Biobío;8103;CHIGUAYANTE;85938;63;1,36409523809524e+03;1;Urbana
8;Biobío;8104;FLORIDA;10624;606;1,75313531353135e+01;3;Rural
8;Biobío;8105;HUALQUI;24333;534;4,55674157303371e+01;2;Mixta
8;Biobío;8106;LOTA;43535;114;3,81885964912281e+02;2;Mixta
8;Biobío;8107;PENCO;47367;108;4,38583333333333e+02;2;Mixta
8;Biobío;8108;SAN PEDRO DE LA PAZ;131808;92;1,43269565217391e+03;1;Urbana
8;Biobío;8109;SANTA JUANA;13749;780;1,76269230769231e+01;2;Mixta
8;Biobío;8110;TALCAHUANO;151749;93;1,63170967741935e+03;1;Urbana
8;Biobío;8111;TOMÉ;54946;497;1,10555331991952e+02;1;Urbana
8;Biobío;8112;HUALPÉN;91773;45;2,03940000000000e+03;1;Urbana
8;Biobío;8201;LEBU;25522;560;4,55750000000000e+01;2;Mixta
8;Biobío;8202;ARAUCO;36257;957;3,78861024033438e+01;3;Rural
8;Biobío;8203;CAÑETE;34537;1087;3,17727690892364e+01;3;Rural
8;Biobío;8204;CONTULMO;6031;640;9,42343750000000e+00;3;Rural
8;Biobío;8205;CURANILAHUE;32288;1001;3,22557442557443e+01;2;Mixta
8;Biobío;8206;LOS ÁLAMOS;21035;601;3,50000000000000e+01;3;Rural
8;Biobío;8207;TIRÚA;10417;626;1,66405750798722e+01;3;Rural
8;Biobío;8301;LOS ÁNGELES;202331;1751;1,15551684751571e+02;1;Urbana
8;Biobío;8302;ANTUCO;4073;1958;2,08018386108274e+00;3;Rural
8;Biobío;8303;CABRERO;28573;657;4,34901065449011e+01;3;Rural
8;Biobío;8304;LAJA;22389;344;6,50843023255814e+01;2;Mixta
8;Biobío;8305;MULCHÉN;29627;1923;1,54066562662506e+01;2;Mixta
8;Biobío;8306;NACIMIENTO;26315;906;2,90452538631347e+01;2;Mixta
8;Biobío;8307;NEGRETE;9737;156;6,24166666666667e+01;3;Rural
8;Biobío;8308;QUILACO;3988;1126;3,54174067495559e+00;3;Rural
8;Biobío;8309;QUILLECO;9587;1123;8,53695458593054e+00;3;Rural
8;Biobío;8310;SAN ROSENDO;3412;93;3,66881720430108e+01;3;Rural
8;Biobío;8311;SANTA BÁRBARA;13773;1254;1,09832535885167e+01;3;Rural
8;Biobío;8312;TUCAPEL;14134;912;1,54978070175439e+01;3;Rural
8;Biobío;8313;YUMBEL;21198;728;2,91181318681319e+01;2;Mixta
8;Biobío;8314;ALTO BIOBÍO;5923;2127;2,78467324870710e+00;3;Rural
9;Araucanía;9101;TEMUCO;282415;467;6,04743040685225e+02;1;Urbana
9;Araucanía;9102;CARAHUE;24533;1334;1,83905547226387e+01;3;Rural
9;Araucanía;9103;CUNCO;17526;1892;9,26321353065539e+00;3;Rural
9;Araucanía;9104;CURARREHUE;7489;1169;6,40633019674936e+00;3;Rural
9;Araucanía;9105;FREIRE;24606;875;2,81211428571429e+01;3;Rural
9;Araucanía;9106;GALVARINO;11996;567;2,11569664902998e+01;3;Rural
9;Araucanía;9107;GORBEA;14414;690;2,08898550724638e+01;2;Mixta
9;Araucanía;9108;LAUTARO;38013;907;4,19106945975744e+01;2;Mixta
9;Araucanía;9109;LONCOCHE;23612;972;2,42921810699588e+01;2;Mixta
9;Araucanía;9110;MELIPEUCO;6138;1108;5,53971119133574e+00;3;Rural
9;Araucanía;9111;NUEVA IMPERIAL;32510;729;4,45953360768176e+01;2;Mixta
9;Araucanía;9112;PADRE LAS CASAS;76126;464;1,64064655172414e+02;2;Mixta
9;Araucanía;9113;PERQUENCO;6905;331;2,08610271903323e+01;3;Rural
9;Araucanía;9114;PITRUFQUÉN;24837;578;4,29705882352941e+01;2;Mixta
9;Araucanía;9115;PUCÓN;28523;1250;2,28184000000000e+01;3;Rural
9;Araucanía;9116;SAAVEDRA;12450;391;3,18414322250639e+01;3;Rural
9;Araucanía;9117;TEODORO SCHMIDT;15045;654;2,30045871559633e+01;3;Rural
9;Araucanía;9118;TOLTÉN;9722;850;1,14376470588235e+01;3;Rural
9;Araucanía;9119;VILCÚN;28151;1416;1,98806497175141e+01;3;Rural
9;Araucanía;9120;VILLARRICA;55478;1290;4,30062015503876e+01;2;Mixta
9;Araucanía;9121;CHOLCHOL;11611;429;2,70652680652681e+01;3;Rural
9;Araucanía;9201;ANGOL;53262;1195;4,45707112970711e+01;1;Urbana
9;Araucanía;9202;COLLIPULLI;24598;1309;1,87914438502674e+01;3;Rural
9;Araucanía;9203;CURACAUTÍN;17413;1659;1,04960819770946e+01;2;Mixta
9;Araucanía;9204;ERCILLA;7733;499;1,54969939879760e+01;3;Rural
9;Araucanía;9205;LONQUIMAY;10251;3937;2,60375920751841e+00;3;Rural
9;Araucanía;9206;LOS SAUCES;7265;849;8,55712603062426e+00;3;Rural
9;Araucanía;9207;LUMACO;9548;1107;8,62511291779584e+00;3;Rural
9;Araucanía;9208;PURÉN;11779;463;2,54406047516199e+01;3;Rural
9;Araucanía;9209;RENAICO;10250;265;3,86792452830189e+01;2;Mixta
9;Araucanía;9210;TRAIGUÉN;18843;897;2,10066889632107e+01;2;Mixta
9;Araucanía;9211;VICTORIA;34182;1261;2,71070578905630e+01;2;Mixta
10;Los Lagos;10101;PUERTO MONTT;245902;1673;1,46982665869695e+02;1;Urbana
10;Los Lagos;10102;CALBUCO;33985;589;5,76994906621392e+01;2;Mixta
10;Los Lagos;10103;COCHAMÓ;4023;3932;1,02314343845371e+00;3;Rural
10;Los Lagos;10104;FRESIA;12261;1276;9,60893416927900e+00;3;Rural
10;Los Lagos;10105;FRUTILLAR;18428;828;2,22560386473430e+01;3;Rural
10;Los Lagos;10106;LOS MUERMOS;17068;1221;1,39787059787060e+01;3;Rural
10;Los Lagos;10107;LLANQUIHUE;17591;433;4,06258660508083e+01;3;Rural
10;Los Lagos;10108;MAULLÍN;14216;807;1,76158612143742e+01;3;Rural
10;Los Lagos;10109;PUERTO VARAS;44578;4020;1,10890547263682e+01;2;Mixta
10;Los Lagos;10201;CASTRO;43807;469;9,34051172707889e+01;2;Mixta
10;Los Lagos;10202;ANCUD;38991;1738;2,24344073647871e+01;2;Mixta
10;Los Lagos;10203;CHONCHI;14858;1366;1,08770131771596e+01;3;Rural
10;Los Lagos;10204;CURACO DE VÉLEZ;3829;79;4,84683544303797e+01;3;Rural
10;Los Lagos;10205;DALCAHUE;13762;1229;1,11977217249797e+01;3;Rural
10;Los Lagos;10206;PUQUELDÓN;3921;96;4,08437500000000e+01;3;Rural
10;Los Lagos;10207;QUEILÉN;5385;330;1,63181818181818e+01;3;Rural
10;Los Lagos;10208;QUELLÓN;27192;3345;8,12914798206278e+00;2;Mixta
10;Los Lagos;10209;QUEMCHI;8352;441;1,89387755102041e+01;3;Rural
10;Los Lagos;10210;QUINCHAO;8088;158;5,11898734177215e+01;3;Rural
10;Los Lagos;10301;OSORNO;161460;954;1,69245283018868e+02;1;Urbana
10;Los Lagos;10302;PUERTO OCTAY;8999;1794;5,01616499442586e+00;3;Rural
10;Los Lagos;10303;PURRANQUE;20369;1450;1,40475862068966e+01;3;Rural
10;Los Lagos;10304;PUYEHUE;11667;1643;7,10103469263542e+00;3;Rural
10;Los Lagos;10305;RÍO NEGRO;14085;1267;1,11168113654302e+01;3;Rural
10;Los Lagos;10306;SAN JUAN DE LA COSTA;7512;1519;4,94535878867676e+00;3;Rural
10;Los Lagos;10307;SAN PABLO;10030;628;1,59713375796178e+01;3;Rural
10;Los Lagos;10401;CHAITÉN;5071;8290;6,11700844390832e-01;3;Rural
10;Los Lagos;10402;FUTALEUFÚ;2623;1237;2,12045270816491e+00;3;Rural
10;Los Lagos;10403;HUALAIHUÉ;8944;2892;3,09266943291840e+00;3;Rural
10;Los Lagos;10404;PALENA;1711;2653;6,44930267621560e-01;3;Rural
11;Aysén;11101;COYHAIQUE;57818;7278;7,94421544380324e+00;1;Urbana
11;Aysén;11102;LAGO VERDE;852;5438;1,56675248253034e-01;3;Rural
11;Aysén;11201;AYSÉN;23959;29907;8,01116795399070e-01;3;Rural
11;Aysén;11202;CISNES;6517;15409;4,22934648581998e-01;3;Rural
11;Aysén;11203;GUAITECAS;1843;631;2,92076069730586e+00;3;Rural
11;Aysén;11301;COCHRANE;3490;8640;4,03935185185185e-01;3;Rural
11;Aysén;11302;O'HIGGINS;625;7773;8,04065354432008e-02;3;Rural
11;Aysén;11303;TORTEL;523;20106;2,60121356808913e-02;3;Rural
11;Aysén;11401;CHILE CHICO;4865;5755;8,45351867940921e-01;3;Rural
11;Aysén;11402;RÍO IBÁÑEZ;2666;6003;4,44111277694486e-01;3;Rural
12;Magallanes;12101;PUNTA ARENAS;131592;17769;7,40570656761776e+00;1;Urbana
12;Magallanes;12102;LAGUNA BLANCA;274;3497;7,83528738919073e-02;3;Rural
12;Magallanes;12103;RÍO VERDE;617;9159;6,73654329075227e-02;3;Rural
12;Magallanes;12104;SAN GREGORIO;799;6742;1,18510827647582e-01;3;Rural
12;Magallanes;12201;CABO DE HORNOS;2063;15811;1,30478780595788e-01;3;Rural
12;Magallanes;12301;PORVENIR;6801;7347;9,25683952633728e-01;3;Rural
12;Magallanes;12302;PRIMAVERA;1158;4285;2,70245040840140e-01;3;Rural
12;Magallanes;12303;TIMAUKEL;405;11019;3,67546964334332e-02;3;Rural
12;Magallanes;12401;NATALES;21477;48696;4,41042385411533e-01;3;Rural
12;Magallanes;12402;TORRES DEL PAINE;1209;6523;1,85344166794420e-01;3;Rural
13;Metropolitana;13101;SANTIAGO;404495;29;1,39481034482759e+04;1;Urbana
13;Metropolitana;13102;CERRILLOS;80832;18;4,49066666666667e+03;1;Urbana
13;Metropolitana;13103;CERRO NAVIA;132622;12;1,10518333333333e+04;1;Urbana
13;Metropolitana;13104;CONCHALÍ;126955;11;1,15413636363636e+04;1;Urbana
13;Metropolitana;13105;EL BOSQUE;162505;15;1,08336666666667e+04;1;Urbana
13;Metropolitana;13106;ESTACIÓN CENTRAL;147041;16;9,19006250000000e+03;1;Urbana
13;Metropolitana;13107;HUECHURABA;98671;45;2,19268888888889e+03;1;Urbana
13;Metropolitana;13108;INDEPENDENCIA;100281;8;1,25351250000000e+04;1;Urbana
13;Metropolitana;13109;LA CISTERNA;90119;11;8,19263636363636e+03;1;Urbana
13;Metropolitana;13110;LA FLORIDA;366916;70;5,24165714285714e+03;1;Urbana
13;Metropolitana;13111;LA GRANJA;116571;9;1,29523333333333e+04;1;Urbana
13;Metropolitana;13112;LA PINTANA;177335;30;5,91116666666667e+03;1;Urbana
13;Metropolitana;13113;LA REINA;92787;24;3,86612500000000e+03;1;Urbana
13;Metropolitana;13114;LAS CONDES;294838;98;3,00855102040816e+03;1;Urbana
13;Metropolitana;13115;LO BARNECHEA;105833;1023;1,03453567937439e+02;1;Urbana
13;Metropolitana;13116;LO ESPEJO;98804;9;1,09782222222222e+04;1;Urbana
13;Metropolitana;13117;LO PRADO;96249;7;1,37498571428571e+04;1;Urbana
13;Metropolitana;13118;MACUL;116534;14;8,32385714285714e+03;1;Urbana
13;Metropolitana;13119;MAIPÚ;521627;138;3,77990579710145e+03;1;Urbana
13;Metropolitana;13120;ÑUÑOA;208237;18;1,15687222222222e+04;1;Urbana
13;Metropolitana;13121;PEDRO AGUIRRE CERDA;101174;8;1,26467500000000e+04;1;Urbana
13;Metropolitana;13122;PEÑALOLÉN;241599;52;4,64613461538462e+03;1;Urbana
13;Metropolitana;13123;PROVIDENCIA;142079;15;9,47193333333333e+03;1;Urbana
13;Metropolitana;13124;PUDAHUEL;230293;197;1,16900000000000e+03;1;Urbana
13;Metropolitana;13125;QUILICURA;210410;57;3,69140350877193e+03;1;Urbana
13;Metropolitana;13126;QUINTA NORMAL;110026;10;1,10026000000000e+04;1;Urbana
13;Metropolitana;13127;RECOLETA;157851;17;9,28535294117647e+03;1;Urbana
13;Metropolitana;13128;RENCA;147151;24;6,13129166666667e+03;1;Urbana
13;Metropolitana;13129;SAN JOAQUÍN;94492;9;1,04991111111111e+04;1;Urbana
13;Metropolitana;13130;SAN MIGUEL;107954;9;1,19948888888889e+04;1;Urbana
13;Metropolitana;13131;SAN RAMÓN;82900;7;1,18428571428571e+04;1;Urbana
13;Metropolitana;13132;VITACURA;85384;28;3,04942857142857e+03;1;Urbana
13;Metropolitana;13201;PUENTE ALTO;568106;89;6,38321348314607e+03;1;Urbana
13;Metropolitana;13202;PIRQUE;26521;445;5,95977528089888e+01;3;Rural
13;Metropolitana;13203;SAN JOSÉ DE MAIPO;18189;4983;3,65021071643588e+00;3;Rural
13;Metropolitana;13301;COLINA;146207;971;1,50573635427394e+02;1;Urbana
13;Metropolitana;13302;LAMPA;102034;450;2,26742222222222e+02;1;Urbana
13;Metropolitana;13303;TILTIL;19312;654;2,95290519877676e+01;3;Rural
13;Metropolitana;13401;SAN BERNARDO;301313;153;1,96936601307190e+03;1;Urbana
13;Metropolitana;13402;BUIN;96614;218;4,43183486238532e+02;1;Urbana
13;Metropolitana;13403;CALERA DE TANGO;25392;73;3,47835616438356e+02;2;Mixta
13;Metropolitana;13404;PAINE;72759;678;1,07314159292035e+02;2;Mixta
13;Metropolitana;13501;MELIPILLA;123627;1353;9,13725055432373e+01;1;Urbana
13;Metropolitana;13502;ALHUÉ;6444;846;7,61702127659574e+00;3;Rural
13;Metropolitana;13503;CURACAVÍ;32579;695;4,68762589928058e+01;2;Mixta
13;Metropolitana;13504;MARÍA PINTO;13590;395;3,44050632911392e+01;3;Rural
13;Metropolitana;13505;SAN PEDRO;9726;787;1,23583227445997e+01;3;Rural
13;Metropolitana;13601;TALAGANTE;74237;127;5,84543307086614e+02;1;Urbana
13;Metropolitana;13602;EL MONTE;35923;115;3,12373913043478e+02;2;Mixta
13;Metropolitana;13603;ISLA DE MAIPO;36219;189;1,91634920634921e+02;2;Mixta
13;Metropolitana;13604;PADRE HURTADO;63250;81;7,80864197530864e+02;1;Urbana
13;Metropolitana;13605;PEÑAFLOR;90201;70;1,28858571428571e+03;1;Urbana
14;Los Ríos;14101;VALDIVIA;166080;966;1,71925465838509e+02;1;Urbana
14;Los Ríos;14102;CORRAL;5302;719;7,37413073713491e+00;3;Rural
14;Los Ríos;14103;LANCO;16752;531;3,15480225988701e+01;2;Mixta
14;Los Ríos;14104;LOS LAGOS;19634;1791;1,09625907314350e+01;3;Rural
14;Los Ríos;14105;MÁFIL;7095;577;1,22963604852686e+01;2;Mixta
14;Los Ríos;14106;MARIQUINA;21278;1296;1,64182098765432e+01;3;Rural
14;Los Ríos;14107;PAILLACO;20188;901;2,24062153163152e+01;3;Rural
14;Los Ríos;14108;PANGUIPULLI;34539;3301;1,04631929718267e+01;3;Rural
14;Los Ríos;14201;LA UNIÓN;38036;2129;1,78656646312823e+01;3;Rural
14;Los Ríos;14202;FUTRONO;14665;2106;6,96343779677113e+00;3;Rural
14;Los Ríos;14203;LAGO RANCO;9896;1746;5,66781214203895e+00;3;Rural
14;Los Ríos;14204;RÍO BUENO;31372;2176;1,44172794117647e+01;2;Mixta
15;Arica;15101;ARICA;221364;4792;4,61944908180300e+01;1;Urbana
15;Arica;15102;CAMARONES;1255;3935;3,18932655654384e-01;3;Rural
15;Arica;15201;PUTRE;2765;5886;4,69758749575263e-01;3;Rural
15;Arica;15202;GENERAL LAGOS;684;2257;3,03057155516172e-01;3;Rural
16;Ñuble;16101;CHILLÁN;184739;475;3,88924210526316e+02;1;Urbana
16;Ñuble;16102;BULNES;21493;426;5,04530516431925e+01;3;Rural
16;Ñuble;16103;CHILLÁN VIEJO;30907;264;1,17071969696970e+02;2;Mixta
16;Ñuble;16104;EL CARMEN;12044;666;1,80840840840841e+01;3;Rural
16;Ñuble;16105;PEMUCO;8448;561;1,50588235294118e+01;3;Rural
16;Ñuble;16106;PINTO;10827;1105;9,79819004524887e+00;3;Rural
16;Ñuble;16107;QUILLÓN;17485;406;4,30665024630542e+01;2;Mixta
16;Ñuble;16108;SAN IGNACIO;16079;362;4,44171270718232e+01;3;Rural
16;Ñuble;16109;YUNGAY;17787;826;2,15338983050847e+01;2;Mixta
16;Ñuble;16201;QUIRIHUE;11594;584;1,98527397260274e+01;2;Mixta
16;Ñuble;16202;COBQUECURA;5012;576;8,70138888888889e+00;3;Rural
16;Ñuble;16203;COELEMU;15995;344;4,64970930232558e+01;3;Rural
16;Ñuble;16204;NINHUE;5213;403;1,29354838709677e+01;3;Rural
16;Ñuble;16205;PORTEZUELO;4862;289;1,68235294117647e+01;3;Rural
16;Ñuble;16206;RÁNQUIL;5755;249;2,31124497991968e+01;3;Rural
16;Ñuble;16207;TREGUACO;5401;312;1,73108974358974e+01;3;Rural
16;Ñuble;16301;SAN CARLOS;53024;876;6,05296803652968e+01;2;Mixta
16;Ñuble;16302;COIHUECO;26881;1774;1,51527621195039e+01;3;Rural
16;Ñuble;16303;ÑIQUÉN;11152;495;2,25292929292929e+01;3;Rural
16;Ñuble;16304;SAN FABIÁN;4308;1545;2,78834951456311e+00;3;Rural
16;Ñuble;16305;SAN NICOLÁS;11603;566;2,05000000000000e+01;3;Rural
